GEOID,Tract,County,Total,White,Black,AmericanIndian,Asian,PacIslander,Other,Multiracial,Hispanic
08014030000,Census Tract 300,Broomfield County,3402,2371,50,13,188,9,34,186,551
08014030100,Census Tract 301,Broomfield County,2261,1667,12,13,62,2,19,120,366
08014030200,Census Tract 302,Broomfield County,2134,1457,31,2,116,3,15,105,405
08014030300,Census Tract 303,Broomfield County,3759,2752,65,17,174,8,16,148,579
08014030400,Census Tract 304,Broomfield County,3807,3109,19,4,145,1,17,159,353
08014030500,Census Tract 305,Broomfield County,5794,4262,52,9,626,8,28,283,526
08014030600,Census Tract 306,Broomfield County,6745,4008,56,36,203,14,42,290,2096
08014030700,Census Tract 307,Broomfield County,3120,2252,37,5,169,0,4,195,458
08014030800,Census Tract 308,Broomfield County,5777,3978,52,16,410,5,31,302,983
08014030900,Census Tract 309,Broomfield County,5964,4789,53,13,334,0,14,317,444
08014031000,Census Tract 310,Broomfield County,5886,4188,80,8,687,6,22,291,604
08014031101,Census Tract 311.01,Broomfield County,3219,2249,116,13,208,4,18,197,414
08014031102,Census Tract 311.02,Broomfield County,2008,1420,44,0,237,0,10,96,201
08014031103,Census Tract 311.03,Broomfield County,1983,1643,15,5,71,0,7,67,175
08014031104,Census Tract 311.04,Broomfield County,1505,1037,40,8,120,5,12,81,202
08014031201,Census Tract 312.01,Broomfield County,2576,1873,65,11,172,5,9,127,314
08014031202,Census Tract 312.02,Broomfield County,2762,2000,48,13,127,4,27,150,393
08014031300,Census Tract 313,Broomfield County,2578,2116,15,8,149,2,6,123,159
08014031401,Census Tract 314.01,Broomfield County,2199,2106,4,0,30,0,0,31,28
08014031402,Census Tract 314.02,Broomfield County,2016,1237,43,2,353,1,3,119,258
08014031403,Census Tract 314.03,Broomfield County,4617,3390,30,1,515,3,17,251,410
08014980100,Census Tract 9801,Broomfield County,0,0,0,0,0,0,0,0,0
08014980200,Census Tract 9802,Broomfield County,0,0,0,0,0,0,0,0,0
08014980300,Census Tract 9803,Broomfield County,0,0,0,0,0,0,0,0,0
08059010801,Census Tract 108.01,Jefferson County,2512,2073,18,15,30,6,18,93,259
08059010604,Census Tract 106.04,Jefferson County,2497,1586,32,26,65,2,10,103,673
08059010701,Census Tract 107.01,Jefferson County,4159,3037,50,15,71,3,13,176,794
08059010702,Census Tract 107.02,Jefferson County,5187,2735,121,33,85,16,23,201,1973
08059010901,Census Tract 109.01,Jefferson County,5207,3910,123,44,95,23,29,271,712
08059010902,Census Tract 109.02,Jefferson County,3165,1925,106,48,112,0,13,181,780
08059011000,Census Tract 110,Jefferson County,5707,3915,112,67,105,25,44,238,1201
08059011101,Census Tract 111.01,Jefferson County,3380,2202,88,24,91,17,29,166,763
08059011102,Census Tract 111.02,Jefferson County,3242,1565,152,42,50,26,22,135,1250
08059011202,Census Tract 112.02,Jefferson County,5424,4070,60,30,79,2,40,203,940
08059011300,Census Tract 113,Jefferson County,3011,2135,20,20,53,0,15,129,639
08059011401,Census Tract 114.01,Jefferson County,2753,1297,108,31,60,8,16,100,1133
08059011402,Census Tract 114.02,Jefferson County,3906,2109,118,48,73,13,19,177,1349
08059011551,Census Tract 115.51,Jefferson County,4054,2335,180,36,68,11,15,164,1245
08059011552,Census Tract 115.52,Jefferson County,2962,1436,105,52,53,0,21,149,1146
08059011601,Census Tract 116.01,Jefferson County,3728,1623,67,39,77,0,25,100,1797
08059011602,Census Tract 116.02,Jefferson County,4245,1972,84,28,128,3,32,127,1871
08059011701,Census Tract 117.01,Jefferson County,4653,3299,45,25,167,0,24,147,946
08059011702,Census Tract 117.02,Jefferson County,5730,3759,43,29,345,2,16,199,1337
08059011708,Census Tract 117.08,Jefferson County,4199,3151,28,21,81,5,19,228,666
08059011709,Census Tract 117.09,Jefferson County,3449,2436,24,16,110,8,10,160,685
08059011710,Census Tract 117.10,Jefferson County,4113,2928,55,25,141,5,21,189,749
08059011711,Census Tract 117.11,Jefferson County,4281,3136,71,20,141,6,12,212,683
08059011712,Census Tract 117.12,Jefferson County,4188,3417,23,9,80,2,22,208,427
08059011720,Census Tract 117.20,Jefferson County,5147,4187,46,6,205,3,26,241,433
08059011721,Census Tract 117.21,Jefferson County,2719,2242,24,3,119,1,8,125,197
08059011723,Census Tract 117.23,Jefferson County,3310,2395,60,25,136,0,16,127,551
08059011724,Census Tract 117.24,Jefferson County,7559,6181,34,16,354,0,13,347,614
08059011725,Census Tract 117.25,Jefferson County,1740,1473,8,11,38,1,10,58,141
08059011726,Census Tract 117.26,Jefferson County,5767,4576,23,16,379,0,21,203,549
08059011727,Census Tract 117.27,Jefferson County,3735,2826,31,10,121,2,26,138,581
08059011728,Census Tract 117.28,Jefferson County,2713,2025,28,13,128,5,14,105,395
08059011729,Census Tract 117.29,Jefferson County,3815,2575,68,42,89,7,18,173,843
08059011730,Census Tract 117.30,Jefferson County,3706,2458,50,22,106,6,21,150,893
08059011731,Census Tract 117.31,Jefferson County,4364,3238,71,18,220,0,10,209,598
08059011732,Census Tract 117.32,Jefferson County,4466,3091,111,43,134,4,28,235,820
08059011733,Census Tract 117.33,Jefferson County,2339,1642,61,11,102,0,7,115,401
08059011803,Census Tract 118.03,Jefferson County,5275,2386,60,53,397,10,12,173,2184
08059011804,Census Tract 118.04,Jefferson County,4111,2194,38,33,279,3,30,168,1366
08059011806,Census Tract 118.06,Jefferson County,5320,2467,118,49,201,0,30,204,2251
08059011807,Census Tract 118.07,Jefferson County,2558,1654,49,12,160,3,15,117,548
08059011808,Census Tract 118.08,Jefferson County,2682,1481,73,46,80,2,18,107,875
08059011904,Census Tract 119.04,Jefferson County,3126,2027,77,13,120,6,12,138,733
08059011951,Census Tract 119.51,Jefferson County,4472,2661,81,23,423,3,15,144,1122
08059012022,Census Tract 120.22,Jefferson County,5540,4547,42,22,133,2,22,249,523
08059012027,Census Tract 120.27,Jefferson County,3114,2783,6,7,28,0,22,116,152
08059012023,Census Tract 120.23,Jefferson County,3453,2664,18,12,165,3,22,205,364
08059012024,Census Tract 120.24,Jefferson County,5750,4752,28,13,140,4,15,270,528
08059012026,Census Tract 120.26,Jefferson County,3495,3132,4,10,32,0,11,150,156
08059012030,Census Tract 120.30,Jefferson County,3842,3407,11,19,28,0,16,194,167
08059012031,Census Tract 120.31,Jefferson County,3779,3339,19,10,14,2,17,193,185
08059012032,Census Tract 120.32,Jefferson County,2647,2372,2,4,30,0,10,107,122
08059012033,Census Tract 120.33,Jefferson County,2821,2510,23,7,20,0,17,106,138
08059012034,Census Tract 120.34,Jefferson County,3999,3561,10,13,69,0,12,173,161
08059012035,Census Tract 120.35,Jefferson County,5161,4514,17,8,83,6,26,266,241
08059012036,Census Tract 120.36,Jefferson County,3729,3223,7,14,80,1,13,170,221
08059012037,Census Tract 120.37,Jefferson County,3466,3071,2,12,25,2,19,140,195
08059012038,Census Tract 120.38,Jefferson County,3605,2752,27,10,70,5,22,167,552
08059012039,Census Tract 120.39,Jefferson County,5272,4062,51,21,106,1,49,257,725
08059012041,Census Tract 120.41,Jefferson County,5682,4121,42,20,444,6,13,245,791
08059012042,Census Tract 120.42,Jefferson County,3935,3002,31,15,155,3,38,215,476
08059012043,Census Tract 120.43,Jefferson County,5878,4635,43,20,170,4,22,257,727
08059012044,Census Tract 120.44,Jefferson County,4057,3077,35,14,165,2,22,222,520
08059012045,Census Tract 120.45,Jefferson County,6017,4693,58,24,272,3,40,221,706
08059012046,Census Tract 120.46,Jefferson County,2327,1738,22,4,59,1,13,113,377
08059012047,Census Tract 120.47,Jefferson County,4180,3063,56,18,101,0,11,218,713
08059012048,Census Tract 120.48,Jefferson County,2479,1975,4,2,49,0,11,128,310
08059012049,Census Tract 120.49,Jefferson County,3840,3070,22,13,183,0,31,143,378
08059012050,Census Tract 120.50,Jefferson County,4127,3040,45,8,407,1,30,154,442
08059012051,Census Tract 120.51,Jefferson County,3616,3103,29,6,62,4,20,117,275
08059012052,Census Tract 120.52,Jefferson County,5558,4316,68,25,102,1,42,276,728
08059012053,Census Tract 120.53,Jefferson County,3877,3087,39,13,71,0,11,205,451
08059012054,Census Tract 120.54,Jefferson County,4139,3364,17,14,143,0,9,175,417
08059012055,Census Tract 120.55,Jefferson County,3877,3130,24,21,101,2,11,148,440
08059012057,Census Tract 120.57,Jefferson County,5783,4616,37,21,173,3,21,257,655
08059012058,Census Tract 120.58,Jefferson County,3955,3480,11,17,41,9,24,187,186
08059012059,Census Tract 120.59,Jefferson County,3428,2730,21,3,62,6,25,164,417
08059012060,Census Tract 120.60,Jefferson County,3350,2559,39,11,43,4,30,231,433
08059015800,Census Tract 158,Jefferson County,4384,3192,65,21,200,6,25,200,675
08059015900,Census Tract 159,Jefferson County,3477,2120,116,11,181,7,28,133,881
08059060300,Census Tract 603,Jefferson County,4512,3162,26,13,479,0,18,221,593
08059060400,Census Tract 604,Jefferson County,5420,3816,69,19,313,1,8,303,891
08059060501,Census Tract 605.01,Jefferson County,10399,8234,71,39,470,4,28,483,1070
08059980000,Census Tract 9800,Jefferson County,0,0,0,0,0,0,0,0,0
08059980400,Census Tract 9804,Jefferson County,1109,717,100,101,14,0,1,4,172
08059980700,Census Tract 9807,Jefferson County,0,0,0,0,0,0,0,0,0
08059980800,Census Tract 9808,Jefferson County,17,8,0,2,0,0,0,5,2
08031004504,Census Tract 45.04,Denver County,3881,596,47,43,76,2,21,74,3022
08031004505,Census Tract 45.05,Denver County,4549,516,152,27,133,16,22,90,3593
08031004506,Census Tract 45.06,Denver County,3610,490,249,38,258,0,25,73,2477
08031004601,Census Tract 46.01,Denver County,5666,1573,78,56,167,2,27,131,3632
08031004602,Census Tract 46.02,Denver County,6688,1358,166,43,361,5,36,118,4601
08031004603,Census Tract 46.03,Denver County,5324,1889,46,36,230,2,6,164,2951
08031004700,Census Tract 47,Denver County,6172,2134,92,62,276,5,37,146,3420
08031004801,Census Tract 48.01,Denver County,3077,1321,33,21,134,3,16,111,1438
08031005001,Census Tract 50.01,Denver County,2869,1820,332,15,84,2,19,146,451
08031005003,Census Tract 50.03,Denver County,2744,1640,448,14,79,4,42,130,387
08031005004,Census Tract 50.04,Denver County,4687,2443,951,25,223,5,12,237,791
08031005102,Census Tract 51.02,Denver County,3506,2570,95,10,85,0,23,197,526
08031005104,Census Tract 51.04,Denver County,3470,2039,366,20,190,4,19,166,666
08031005200,Census Tract 52,Denver County,3338,2452,141,5,99,2,26,192,421
08031005300,Census Tract 53,Denver County,1859,1378,89,5,90,1,8,80,208
08031005502,Census Tract 55.02,Denver County,1868,899,79,5,161,1,6,60,657
08031005503,Census Tract 55.03,Denver County,5071,2973,119,21,230,5,13,194,1516
08031006701,Census Tract 67.01,Denver County,4282,3092,157,11,293,6,20,218,485
08031006813,Census Tract 68.13,Denver County,4550,2161,1067,38,185,4,37,243,815
08031006804,Census Tract 68.04,Denver County,3776,2847,180,15,214,1,18,142,359
08031006810,Census Tract 68.10,Denver County,5928,3396,933,22,303,2,57,322,893
08031006812,Census Tract 68.12,Denver County,3932,2992,144,6,166,6,30,184,404
08031006814,Census Tract 68.14,Denver County,5409,2608,641,20,172,23,21,211,1713
08031006815,Census Tract 68.15,Denver County,2017,1581,83,9,70,5,13,123,133
08031006816,Census Tract 68.16,Denver County,5511,3700,526,26,178,3,43,279,756
08031006817,Census Tract 68.17,Denver County,2048,1497,134,4,84,1,20,81,227
08031006818,Census Tract 68.18,Denver County,4221,2608,409,16,219,8,30,185,746
08031006902,Census Tract 69.02,Denver County,3638,1939,502,15,121,7,28,193,833
08031006903,Census Tract 69.03,Denver County,2475,1494,275,6,86,1,16,125,472
08031007006,Census Tract 70.06,Denver County,4431,1216,856,25,584,47,35,249,1419
08031007013,Census Tract 70.13,Denver County,3730,2498,336,20,180,0,19,187,490
08031007037,Census Tract 70.37,Denver County,4128,1180,1180,13,182,10,20,141,1402
08031007088,Census Tract 70.88,Denver County,4921,2469,803,20,206,4,26,299,1094
08031007090,Census Tract 70.90,Denver County,1542,585,638,12,50,1,4,66,186
08031007091,Census Tract 70.91,Denver County,3497,2782,349,11,56,0,6,79,214
08031008304,Census Tract 83.04,Denver County,3846,302,775,15,44,7,17,106,2580
08031008305,Census Tract 83.05,Denver County,4253,316,609,10,41,38,16,100,3123
08031008306,Census Tract 83.06,Denver County,6005,458,1491,10,107,147,30,188,3574
08031008312,Census Tract 83.12,Denver County,8133,639,1994,46,207,135,27,196,4889
08031008386,Census Tract 83.86,Denver County,4664,318,822,9,91,4,14,102,3304
08031008387,Census Tract 83.87,Denver County,6220,430,1230,30,164,16,9,125,4216
08031008388,Census Tract 83.88,Denver County,14773,3207,2763,55,1052,293,39,598,6766
08031008389,Census Tract 83.89,Denver County,13336,2740,3476,43,1382,41,85,537,5032
08031008390,Census Tract 83.90,Denver County,9000,1404,2535,36,784,81,37,439,3684
08031008391,Census Tract 83.91,Denver County,7855,1224,2065,32,720,57,57,284,3416
08031011902,Census Tract 119.02,Denver County,6682,3151,132,71,237,8,43,261,2779
08031011903,Census Tract 119.03,Denver County,2304,1305,31,19,114,0,18,72,745
08031012001,Census Tract 120.01,Denver County,2047,1428,24,18,70,8,8,44,447
08031012010,Census Tract 120.10,Denver County,5121,3699,94,15,357,2,17,182,755
08031012015,Census Tract 120.15,Denver County,4014,2644,83,28,171,8,19,187,874
08031012016,Census Tract 120.16,Denver County,2659,1822,28,11,107,3,6,139,543
08031015300,Census Tract 153,Denver County,3697,2469,232,15,158,0,34,233,556
08031015400,Census Tract 154,Denver County,4487,2914,86,16,118,3,14,180,1156
08031015500,Census Tract 155,Denver County,3399,1998,282,30,69,2,22,183,813
08031015600,Census Tract 156,Denver County,6618,1131,332,36,512,11,32,150,4414
08031015700,Census Tract 157,Denver County,5907,2249,167,42,417,5,20,167,2840
08031015800,Census Tract 158,Denver County,2893,634,1046,2,130,46,12,176,847
08031980001,Census Tract 9800.01,Denver County,0,0,0,0,0,0,0,0,0
08031980100,Census Tract 9801,Denver County,9,1,0,0,0,0,0,4,4
08031980200,Census Tract 9802,Denver County,252,184,4,0,15,0,1,7,41
08035013904,Census Tract 139.04,Douglas County,4198,3103,118,6,160,8,21,225,557
08035013905,Census Tract 139.05,Douglas County,5468,4164,151,13,138,8,22,299,673
08035013907,Census Tract 139.07,Douglas County,6177,4787,93,22,232,8,47,332,656
08035013912,Census Tract 139.12,Douglas County,7399,5993,151,15,193,4,25,324,694
08035013909,Census Tract 139.09,Douglas County,6407,5447,60,21,101,5,21,290,462
08035013910,Census Tract 139.10,Douglas County,8222,6571,97,16,255,13,26,504,740
08035013911,Census Tract 139.11,Douglas County,6693,5485,67,23,161,8,36,327,586
08035013913,Census Tract 139.13,Douglas County,2660,2193,35,11,115,0,10,100,196
08035013914,Census Tract 139.14,Douglas County,3757,3293,24,6,59,0,16,152,207
08035013915,Census Tract 139.15,Douglas County,3177,2736,18,9,64,2,19,103,226
08035014005,Census Tract 140.05,Douglas County,4761,3642,61,4,312,2,31,212,497
08035014006,Census Tract 140.06,Douglas County,7394,5637,95,13,602,2,18,387,640
08035014007,Census Tract 140.07,Douglas County,3425,2073,145,10,594,3,14,176,410
08035014008,Census Tract 140.08,Douglas County,11741,8397,184,26,1515,7,45,571,996
08035014009,Census Tract 140.09,Douglas County,4741,3311,90,28,476,1,15,256,564
08035014010,Census Tract 140.10,Douglas County,6009,4359,142,19,510,11,20,278,670
08035014011,Census Tract 140.11,Douglas County,7059,4947,87,9,1122,0,21,336,537
08035014013,Census Tract 140.13,Douglas County,11075,8976,146,20,271,12,57,566,1027
08035014014,Census Tract 140.14,Douglas County,4916,3115,169,18,720,0,27,283,584
08035014015,Census Tract 140.15,Douglas County,4074,2971,96,18,153,10,16,188,622
08035014016,Census Tract 140.16,Douglas County,5719,4427,77,12,318,6,16,285,578
08035014017,Census Tract 140.17,Douglas County,3287,2694,45,16,89,3,4,143,293
08035014107,Census Tract 141.07,Douglas County,3812,3030,36,14,133,5,45,223,326
08035014108,Census Tract 141.08,Douglas County,4823,3971,38,12,124,3,23,255,397
08035014109,Census Tract 141.09,Douglas County,2920,2525,27,4,100,0,2,98,164
08035014110,Census Tract 141.10,Douglas County,5341,4020,84,31,368,3,27,229,579
08035014112,Census Tract 141.12,Douglas County,3811,3095,53,12,177,2,6,174,292
08035014113,Census Tract 141.13,Douglas County,2953,2188,35,5,229,0,23,186,287
08035014114,Census Tract 141.14,Douglas County,3370,2529,37,21,104,4,11,188,476
08035014115,Census Tract 141.15,Douglas County,4075,3187,42,14,295,4,10,200,323
08035014116,Census Tract 141.16,Douglas County,6184,3969,180,18,1058,12,27,288,632
08035014123,Census Tract 141.23,Douglas County,4012,3042,111,11,74,4,15,192,563
08035014124,Census Tract 141.24,Douglas County,5276,4156,77,11,174,3,16,277,562
08035014125,Census Tract 141.25,Douglas County,5998,4548,89,15,426,0,35,323,562
08035014126,Census Tract 141.26,Douglas County,1887,1314,19,4,279,2,20,79,170
08035014127,Census Tract 141.27,Douglas County,5437,4555,45,15,215,2,14,221,370
08035014128,Census Tract 141.28,Douglas County,4581,3617,50,7,200,8,15,235,449
08035014129,Census Tract 141.29,Douglas County,3604,2892,34,10,171,0,9,185,303
08035014130,Census Tract 141.30,Douglas County,7352,5807,58,19,390,6,30,327,715
08035014131,Census Tract 141.31,Douglas County,6142,5016,68,19,324,4,24,198,489
08035014132,Census Tract 141.32,Douglas County,6161,4868,42,14,510,1,20,285,421
08035014133,Census Tract 141.33,Douglas County,6300,5056,42,11,294,3,42,337,515
08035014134,Census Tract 141.34,Douglas County,5849,4392,73,8,512,2,26,340,496
08035014135,Census Tract 141.35,Douglas County,5818,4786,22,11,310,0,8,298,383
08035014138,Census Tract 141.38,Douglas County,2961,1941,46,13,546,0,9,112,294
08035014139,Census Tract 141.39,Douglas County,4142,3220,64,3,303,6,8,184,354
08035014140,Census Tract 141.40,Douglas County,5433,4234,77,14,410,4,31,281,382
08035014141,Census Tract 141.41,Douglas County,5447,4547,55,16,167,15,19,260,368
08001009553,Census Tract 95.53,Adams County,3528,1323,70,28,109,16,5,126,1851
08001009603,Census Tract 96.03,Adams County,6246,3206,120,40,238,6,35,268,2333
08001009604,Census Tract 96.04,Adams County,4724,2258,121,28,193,0,21,192,1911
08001009606,Census Tract 96.06,Adams County,3442,959,117,40,73,0,9,74,2170
08001009607,Census Tract 96.07,Adams County,4884,2105,88,35,513,2,16,160,1965
08001009608,Census Tract 96.08,Adams County,2892,1601,31,22,219,0,9,105,905
08001009751,Census Tract 97.51,Adams County,4048,1477,53,48,55,7,20,128,2260
08001009752,Census Tract 97.52,Adams County,3014,982,24,26,67,5,32,61,1817
08001015000,Census Tract 150,Adams County,3112,1126,70,41,20,1,24,100,1730
08001060001,Census Tract 600.01,Adams County,2581,1829,36,7,140,6,16,144,403
08001060002,Census Tract 600.02,Adams County,4287,2963,51,11,386,0,35,206,635
08001060100,Census Tract 601,Adams County,7318,4545,91,25,541,3,16,327,1770
08001060200,Census Tract 602,Adams County,5227,3435,121,55,266,3,43,213,1091
08001061200,Census Tract 612,Adams County,3819,2529,77,11,295,2,18,167,720
08001988700,Census Tract 9887,Adams County,0,0,0,0,0,0,0,0,0
08005004951,Census Tract 49.51,Arapahoe County,1599,939,102,12,58,0,9,105,374
08005004952,Census Tract 49.52,Arapahoe County,3014,1851,155,8,115,4,16,115,750
08005005551,Census Tract 55.51,Arapahoe County,3171,1128,202,34,145,2,12,94,1554
08005005552,Census Tract 55.52,Arapahoe County,2782,1310,120,30,97,4,16,131,1074
08035014145,Census Tract 141.45,Douglas County,3684,2633,75,5,246,0,25,236,464
08035014142,Census Tract 141.42,Douglas County,1884,1680,18,2,50,0,4,57,73
08035014143,Census Tract 141.43,Douglas County,3153,2382,32,2,372,0,12,153,200
08035014144,Census Tract 141.44,Douglas County,6089,4315,79,13,980,1,19,236,446
08035014146,Census Tract 141.46,Douglas County,4896,3467,55,11,394,5,17,285,662
08035014203,Census Tract 142.03,Douglas County,6556,5455,32,16,128,7,19,340,559
08035014205,Census Tract 142.05,Douglas County,2913,2390,17,8,109,1,8,129,251
08035014206,Census Tract 142.06,Douglas County,788,662,0,0,10,0,9,45,62
08035014207,Census Tract 142.07,Douglas County,1794,1390,10,16,36,2,8,114,218
08035014208,Census Tract 142.08,Douglas County,1509,1186,7,9,44,0,13,72,178
08035014300,Census Tract 143,Douglas County,781,692,0,6,9,0,0,42,32
08035014404,Census Tract 144.04,Douglas County,2669,2315,11,14,34,0,17,124,154
08035014405,Census Tract 144.05,Douglas County,7923,6363,65,16,126,10,42,414,887
08035014407,Census Tract 144.07,Douglas County,3595,2834,42,9,56,8,17,130,499
08035014408,Census Tract 144.08,Douglas County,2553,2226,13,2,38,5,8,100,161
08035014409,Census Tract 144.09,Douglas County,3918,3229,36,4,112,1,38,197,301
08035014410,Census Tract 144.10,Douglas County,12675,9985,221,35,368,5,25,690,1346
08035014503,Census Tract 145.03,Douglas County,6166,4814,73,20,146,3,52,340,718
08035014504,Census Tract 145.04,Douglas County,5656,4305,65,42,46,2,40,280,876
08035014505,Census Tract 145.05,Douglas County,5630,4497,68,19,132,0,22,291,601
08035014506,Census Tract 145.06,Douglas County,6865,5631,91,15,101,12,44,307,664
08035014602,Census Tract 146.02,Douglas County,2616,2307,8,7,14,0,10,121,149
08035014603,Census Tract 146.03,Douglas County,7165,5567,68,19,138,4,30,436,903
08035014604,Census Tract 146.04,Douglas County,4452,3619,47,13,65,18,30,241,419
08005005614,Census Tract 56.14,Arapahoe County,3215,2696,22,6,86,6,18,124,257
08005005553,Census Tract 55.53,Arapahoe County,3909,2084,82,38,172,0,13,167,1353
08005005611,Census Tract 56.11,Arapahoe County,5012,4111,36,20,117,13,20,215,480
08005005612,Census Tract 56.12,Arapahoe County,3661,2710,57,27,47,5,22,154,639
08005005619,Census Tract 56.19,Arapahoe County,4700,3572,34,18,72,0,22,276,706
08005005620,Census Tract 56.20,Arapahoe County,2613,2062,25,7,48,0,14,94,363
08005005621,Census Tract 56.21,Arapahoe County,3026,2625,9,2,50,1,11,110,218
08005005622,Census Tract 56.22,Arapahoe County,3491,2914,31,9,90,0,8,117,322
08005005623,Census Tract 56.23,Arapahoe County,4066,3489,26,8,79,0,31,166,267
08005005624,Census Tract 56.24,Arapahoe County,2203,1835,14,3,43,4,11,109,184
08005005625,Census Tract 56.25,Arapahoe County,4079,3114,55,16,137,0,22,203,532
08005005626,Census Tract 56.26,Arapahoe County,3546,2792,55,14,115,1,32,183,354
08005005627,Census Tract 56.27,Arapahoe County,4613,4030,34,7,83,0,11,158,290
08005005628,Census Tract 56.28,Arapahoe County,5837,4723,58,13,174,3,26,265,575
08005005629,Census Tract 56.29,Arapahoe County,2308,2042,13,0,75,1,12,83,82
08005005630,Census Tract 56.30,Arapahoe County,5314,4417,70,12,124,1,16,251,423
08005005631,Census Tract 56.31,Arapahoe County,3182,2647,35,5,82,3,17,147,246
08005005632,Census Tract 56.32,Arapahoe County,3311,2642,59,8,108,0,20,179,295
08005005633,Census Tract 56.33,Arapahoe County,3120,2630,20,7,96,1,11,140,215
08005005634,Census Tract 56.34,Arapahoe County,3061,2704,21,8,56,0,5,86,181
08005005635,Census Tract 56.35,Arapahoe County,4824,4149,46,7,79,7,15,193,328
08005005636,Census Tract 56.36,Arapahoe County,1873,1611,15,0,65,0,5,73,104
08005005701,Census Tract 57.01,Arapahoe County,1739,1118,48,19,32,0,4,82,436
08005005702,Census Tract 57.02,Arapahoe County,2619,1573,101,24,62,2,5,83,769
08005005800,Census Tract 58,Arapahoe County,2591,2132,25,5,32,0,20,126,251
08005005951,Census Tract 59.51,Arapahoe County,4362,3247,132,44,76,17,25,230,591
08005005952,Census Tract 59.52,Arapahoe County,3848,2805,113,27,182,3,15,175,528
08005006000,Census Tract 60,Arapahoe County,2708,1974,70,17,27,2,26,136,456
08005006100,Census Tract 61,Arapahoe County,3308,2368,139,13,38,5,22,190,533
08005006200,Census Tract 62,Arapahoe County,3096,2322,38,12,53,0,20,186,465
08005006300,Census Tract 63,Arapahoe County,2655,2024,21,12,42,6,19,158,373
08005006400,Census Tract 64,Arapahoe County,2995,2003,86,18,64,0,15,153,656
08005006501,Census Tract 65.01,Arapahoe County,2133,1620,19,16,50,5,5,116,302
08005006502,Census Tract 65.02,Arapahoe County,3302,2636,37,21,40,0,22,141,405
08005006601,Census Tract 66.01,Arapahoe County,5531,3227,195,62,113,6,24,266,1638
08005006603,Census Tract 66.03,Arapahoe County,3200,2627,31,17,48,4,10,155,308
08005006604,Census Tract 66.04,Arapahoe County,3766,2584,68,20,95,9,7,188,795
08005006704,Census Tract 67.04,Arapahoe County,4596,3993,40,8,176,0,15,177,187
08005006705,Census Tract 67.05,Arapahoe County,1846,1602,18,4,51,0,1,90,80
08005006706,Census Tract 67.06,Arapahoe County,5003,3953,57,2,358,2,24,207,400
08005006707,Census Tract 67.07,Arapahoe County,4705,3702,98,13,268,6,15,221,382
08005006708,Census Tract 67.08,Arapahoe County,5155,4223,62,7,263,1,25,253,321
08005006709,Census Tract 67.09,Arapahoe County,5822,4555,79,19,469,6,21,295,378
08005006711,Census Tract 67.11,Arapahoe County,4315,3498,41,2,222,5,9,182,356
08005006712,Census Tract 67.12,Arapahoe County,1498,1301,11,0,79,0,4,50,53
08005006854,Census Tract 68.54,Arapahoe County,3194,1786,217,6,628,5,25,160,367
08005006713,Census Tract 67.13,Arapahoe County,1754,977,44,2,478,0,11,67,175
08005006808,Census Tract 68.08,Arapahoe County,5650,4417,47,6,545,0,34,322,279
08005006815,Census Tract 68.15,Arapahoe County,4617,2639,212,25,701,1,44,253,742
08005006857,Census Tract 68.57,Arapahoe County,2233,1762,18,5,236,0,24,83,105
08005006859,Census Tract 68.59,Arapahoe County,3561,2120,185,14,692,5,16,146,383
08005006860,Census Tract 68.60,Arapahoe County,1742,1205,73,3,208,3,15,50,185
08005006861,Census Tract 68.61,Arapahoe County,4220,2827,75,13,795,8,18,215,269
08005006862,Census Tract 68.62,Arapahoe County,1810,1135,11,2,444,0,8,95,115
08005006863,Census Tract 68.63,Arapahoe County,6669,3581,628,26,809,3,55,449,1118
08005006864,Census Tract 68.64,Arapahoe County,3203,2076,358,15,358,0,4,92,300
08005007101,Census Tract 71.01,Arapahoe County,6272,4842,63,36,40,1,25,270,995
08005007103,Census Tract 71.03,Arapahoe County,1715,1226,26,3,13,6,4,96,341
08005007106,Census Tract 71.06,Arapahoe County,6492,3822,584,17,628,6,27,432,976
08005007108,Census Tract 71.08,Arapahoe County,3226,1767,327,12,178,14,15,241,672
08005007109,Census Tract 71.09,Arapahoe County,2355,1158,342,21,211,2,14,117,490
08005007110,Census Tract 71.10,Arapahoe County,7369,3551,1036,26,398,12,43,420,1883
08005007111,Census Tract 71.11,Arapahoe County,1790,467,45,17,2,1,3,26,1229
08005007112,Census Tract 71.12,Arapahoe County,7916,4579,717,32,801,4,28,567,1188
08005007113,Census Tract 71.13,Arapahoe County,7952,5327,444,20,741,5,56,446,913
08005007201,Census Tract 72.01,Arapahoe County,3817,947,615,22,171,46,30,139,1847
08005007202,Census Tract 72.02,Arapahoe County,3899,894,461,19,147,3,23,154,2198
08005007301,Census Tract 73.01,Arapahoe County,3215,770,654,19,280,36,16,140,1300
08005007302,Census Tract 73.02,Arapahoe County,5365,785,1050,36,370,20,36,158,2910
08005007400,Census Tract 74,Arapahoe County,5333,1222,340,23,227,14,42,175,3290
08005007500,Census Tract 75,Arapahoe County,2625,730,308,9,78,8,13,78,1401
08005007600,Census Tract 76,Arapahoe County,3584,863,550,10,168,40,31,120,1802
08005007702,Census Tract 77.02,Arapahoe County,4424,1379,796,38,178,60,28,228,1717
08005007703,Census Tract 77.03,Arapahoe County,4701,1353,1139,26,202,19,27,188,1747
08005007704,Census Tract 77.04,Arapahoe County,4793,1214,1559,20,92,35,26,191,1656
08005015100,Census Tract 151,Arapahoe County,2683,2164,58,6,98,0,7,129,221
08005080000,Census Tract 800,Arapahoe County,3780,1195,749,16,200,74,19,157,1370
08005080100,Census Tract 801,Arapahoe County,4632,1592,1146,14,250,11,18,208,1393
08005080200,Census Tract 802,Arapahoe County,6104,2882,1126,13,462,18,23,302,1278
08005080300,Census Tract 803,Arapahoe County,6162,3057,1073,34,520,8,59,341,1070
08005080400,Census Tract 804,Arapahoe County,4996,2928,769,28,314,0,28,305,624
08005080500,Census Tract 805,Arapahoe County,3854,2133,738,19,259,8,19,171,507
08005080600,Census Tract 806,Arapahoe County,3674,1729,601,25,180,8,17,177,937
08005080700,Census Tract 807,Arapahoe County,5604,1992,1203,13,318,18,24,247,1789
08005080800,Census Tract 808,Arapahoe County,3307,783,540,38,212,11,4,170,1549
08005080900,Census Tract 809,Arapahoe County,4396,1514,593,17,179,25,17,185,1866
08005081001,Census Tract 810.01,Arapahoe County,2026,598,661,10,77,16,18,117,529
08005081002,Census Tract 810.02,Arapahoe County,3686,817,897,21,145,32,17,109,1648
08005081101,Census Tract 811.01,Arapahoe County,3490,872,1299,13,168,14,14,153,957
08005081102,Census Tract 811.02,Arapahoe County,2357,748,568,14,106,38,21,106,756
08005081500,Census Tract 815,Arapahoe County,3152,2739,155,9,68,2,4,57,118
08005081200,Census Tract 812,Arapahoe County,4849,1564,1362,14,276,28,23,281,1301
08005081300,Census Tract 813,Arapahoe County,3412,988,715,8,238,40,3,175,1245
08005081400,Census Tract 814,Arapahoe County,5588,2820,828,22,369,10,37,249,1253
08005081600,Census Tract 816,Arapahoe County,5074,2818,478,17,171,18,29,269,1274
08005081700,Census Tract 817,Arapahoe County,2864,1875,195,4,307,8,7,181,287
08005081800,Census Tract 818,Arapahoe County,5533,836,608,10,374,16,13,137,3539
08005081900,Census Tract 819,Arapahoe County,7123,1777,1536,53,333,56,42,214,3112
08005082000,Census Tract 820,Arapahoe County,4325,1106,1038,14,191,107,46,198,1625
08005082100,Census Tract 821,Arapahoe County,7124,1915,1533,33,354,52,62,401,2774
08005082200,Census Tract 822,Arapahoe County,6177,2312,1299,20,330,37,44,310,1825
08005082300,Census Tract 823,Arapahoe County,3752,1456,543,23,205,24,22,186,1293
08005082400,Census Tract 824,Arapahoe County,4533,1933,664,24,192,3,19,255,1443
08005082500,Census Tract 825,Arapahoe County,2378,1243,221,8,98,10,13,163,622
08005082600,Census Tract 826,Arapahoe County,5968,1805,1507,50,244,61,31,323,1947
08005082700,Census Tract 827,Arapahoe County,3586,1383,693,17,278,6,17,241,951
08005082800,Census Tract 828,Arapahoe County,5352,2284,878,20,264,35,26,267,1578
08005082900,Census Tract 829,Arapahoe County,5094,2225,741,23,321,17,23,296,1448
08005083000,Census Tract 830,Arapahoe County,4040,1932,532,8,619,1,15,224,709
08005083100,Census Tract 831,Arapahoe County,7649,2939,1537,56,931,18,38,472,1658
08005083201,Census Tract 832.01,Arapahoe County,6292,3410,675,16,714,13,64,414,986
08005083202,Census Tract 832.02,Arapahoe County,3334,1832,412,15,218,3,16,241,597
08005083300,Census Tract 833,Arapahoe County,4705,2504,723,8,301,5,26,249,889
08005083400,Census Tract 834,Arapahoe County,7265,3794,935,29,491,32,44,441,1499
08001007801,Census Tract 78.01,Adams County,3936,598,636,18,896,0,19,88,1681
08001007802,Census Tract 78.02,Adams County,3893,488,702,33,315,31,30,118,2176
08001007900,Census Tract 79,Adams County,5490,1262,813,25,134,19,42,189,3006
08001008000,Census Tract 80,Adams County,6775,1880,863,23,280,21,41,248,3419
08001008100,Census Tract 81,Adams County,1378,783,146,9,201,10,2,47,180
08001008200,Census Tract 82,Adams County,6521,1488,907,32,387,21,40,215,3431
08001008308,Census Tract 83.08,Adams County,6714,1274,944,28,171,50,24,142,4081
08001008309,Census Tract 83.09,Adams County,4278,619,290,12,120,19,4,51,3163
08001008354,Census Tract 83.54,Adams County,4022,1052,1139,9,256,26,44,224,1272
08001008355,Census Tract 83.55,Adams County,4820,1443,528,22,127,30,20,171,2479
08001008401,Census Tract 84.01,Adams County,5537,3848,78,44,25,16,15,273,1238
08001008402,Census Tract 84.02,Adams County,5325,4089,35,27,49,10,20,213,882
08001008505,Census Tract 85.05,Adams County,7126,3859,90,52,146,8,28,240,2703
08001008506,Census Tract 85.06,Adams County,6460,3250,176,58,220,17,17,308,2414
08001008507,Census Tract 85.07,Adams County,6290,3428,72,50,142,13,36,275,2274
08001008508,Census Tract 85.08,Adams County,5558,3189,82,25,193,10,51,282,1726
08001008524,Census Tract 85.24,Adams County,9374,5779,144,40,758,16,40,465,2132
08001008526,Census Tract 85.26,Adams County,7509,4993,105,29,434,1,25,425,1497
08001008533,Census Tract 85.33,Adams County,7706,3870,181,40,468,15,20,333,2779
08001008534,Census Tract 85.34,Adams County,4344,2332,63,27,138,9,34,214,1527
08001008535,Census Tract 85.35,Adams County,4389,1915,111,35,177,3,10,203,1935
08001008536,Census Tract 85.36,Adams County,4353,2394,120,15,233,4,9,166,1412
08031003204,Census Tract 32.04,Denver County,2159,1567,116,9,61,3,7,115,281
08031003205,Census Tract 32.05,Denver County,3196,2629,61,8,58,3,25,136,276
08031003300,Census Tract 33,Denver County,3329,2839,38,9,80,0,5,157,201
08031003401,Census Tract 34.01,Denver County,2998,2649,16,5,49,0,5,115,159
08031003402,Census Tract 34.02,Denver County,4860,4199,20,6,122,2,26,227,258
08031003501,Census Tract 35.01,Denver County,3238,438,357,50,10,3,17,64,2299
08031003502,Census Tract 35.02,Denver County,2727,337,68,22,2,0,14,38,2246
08031003601,Census Tract 36.01,Denver County,4236,1813,431,13,53,4,20,184,1718
08031003602,Census Tract 36.02,Denver County,4337,1427,874,34,58,5,22,191,1726
08031003603,Census Tract 36.03,Denver County,3583,1798,921,19,62,6,22,182,573
08031003701,Census Tract 37.01,Denver County,3746,2809,264,33,85,3,18,160,374
08031003702,Census Tract 37.02,Denver County,4759,3660,197,12,120,5,25,268,472
08031003703,Census Tract 37.03,Denver County,3276,2516,101,7,109,5,19,201,318
08031003801,Census Tract 38.01,Denver County,3666,3075,54,4,129,0,21,131,252
08031003802,Census Tract 38.02,Denver County,3970,3242,100,5,148,1,12,144,318
08031003901,Census Tract 39.01,Denver County,5266,4435,58,7,176,0,37,173,380
08031003902,Census Tract 39.02,Denver County,4606,3749,30,4,143,9,11,262,398
08001008545,Census Tract 85.45,Adams County,6731,4672,103,29,305,2,21,374,1225
08001008538,Census Tract 85.38,Adams County,11712,6562,690,39,456,28,75,578,3284
08001008540,Census Tract 85.40,Adams County,10376,6188,170,32,1043,10,42,433,2458
08001008544,Census Tract 85.44,Adams County,6242,3998,90,25,623,10,15,345,1136
08001008546,Census Tract 85.46,Adams County,3517,2065,65,17,209,0,8,131,1022
08001008547,Census Tract 85.47,Adams County,3468,1961,61,17,152,3,20,142,1112
08001008548,Census Tract 85.48,Adams County,1713,944,40,3,183,2,20,82,439
08001008549,Census Tract 85.49,Adams County,4581,2545,61,25,305,1,17,205,1422
08001008550,Census Tract 85.50,Adams County,8319,4818,94,39,523,8,25,317,2495
08001008551,Census Tract 85.51,Adams County,1788,1091,10,0,155,1,17,73,441
08001008552,Census Tract 85.52,Adams County,5185,2697,71,32,141,10,12,198,2024
08001008553,Census Tract 85.53,Adams County,5596,3637,94,16,132,3,17,244,1453
08001008554,Census Tract 85.54,Adams County,2507,1656,31,21,94,0,9,104,592
08001008555,Census Tract 85.55,Adams County,5848,3334,163,44,235,13,39,295,1725
08001008556,Census Tract 85.56,Adams County,6076,3022,114,11,265,8,22,219,2415
08001008557,Census Tract 85.57,Adams County,852,462,4,7,30,0,2,32,315
08001008558,Census Tract 85.58,Adams County,4220,1990,154,18,167,7,14,202,1668
08001008559,Census Tract 85.59,Adams County,8672,3692,489,35,376,24,47,365,3644
08001008560,Census Tract 85.60,Adams County,2203,1713,15,14,63,2,1,95,300
08001008561,Census Tract 85.61,Adams County,4824,3838,31,6,133,0,20,196,600
08001008562,Census Tract 85.62,Adams County,5787,3513,88,25,189,4,29,268,1671
08001008563,Census Tract 85.63,Adams County,4429,2685,38,19,82,4,30,204,1367
08001008564,Census Tract 85.64,Adams County,1192,715,15,3,24,0,1,37,397
08001008565,Census Tract 85.65,Adams County,7013,3685,69,27,108,8,21,211,2884
08001008603,Census Tract 86.03,Adams County,2118,597,26,10,25,6,23,75,1356
08001008604,Census Tract 86.04,Adams County,4551,1789,146,24,41,6,28,101,2416
08001008605,Census Tract 86.05,Adams County,4103,2076,30,14,68,16,30,155,1714
08001008606,Census Tract 86.06,Adams County,6101,2408,64,36,58,20,51,191,3273
08001008705,Census Tract 87.05,Adams County,5399,1270,126,34,16,3,13,97,3840
08001008706,Census Tract 87.06,Adams County,5572,1173,131,33,28,7,10,118,4072
08001008709,Census Tract 87.09,Adams County,8139,1664,366,42,42,0,35,159,5831
08001008801,Census Tract 88.01,Adams County,5138,1193,61,31,27,0,36,90,3700
08001008802,Census Tract 88.02,Adams County,4375,1080,59,33,23,1,10,83,3086
08001008901,Census Tract 89.01,Adams County,2478,638,16,21,12,5,5,60,1721
08001009001,Census Tract 90.01,Adams County,4770,1587,158,49,122,4,39,167,2644
08001009003,Census Tract 90.03,Adams County,4405,1386,79,35,142,3,32,88,2640
08001009004,Census Tract 90.04,Adams County,5040,1636,113,34,84,0,11,155,3007
08001009101,Census Tract 91.01,Adams County,4220,1451,66,28,83,2,20,103,2467
08001009103,Census Tract 91.03,Adams County,4383,996,33,20,33,0,25,94,3182
08001009104,Census Tract 91.04,Adams County,6470,2290,157,40,280,1,38,179,3485
08001009202,Census Tract 92.02,Adams County,4386,1557,84,53,51,4,20,138,2479
08001009203,Census Tract 92.03,Adams County,4594,1264,156,43,237,6,19,163,2706
08001009204,Census Tract 92.04,Adams County,6918,2852,200,37,678,14,37,271,2829
08001009206,Census Tract 92.06,Adams County,2630,1190,73,17,288,0,5,75,982
08001009207,Census Tract 92.07,Adams County,4560,1615,67,18,153,1,17,154,2535
08001009304,Census Tract 93.04,Adams County,5809,2730,160,54,188,9,29,224,2415
08031004005,Census Tract 40.05,Denver County,3751,2797,101,26,218,9,29,148,423
08031004002,Census Tract 40.02,Denver County,3448,3001,26,10,89,1,21,138,162
08031004003,Census Tract 40.03,Denver County,4408,3416,103,19,119,5,23,202,521
08031004004,Census Tract 40.04,Denver County,1968,1563,60,3,61,0,10,94,177
08031004006,Census Tract 40.06,Denver County,5373,4286,94,6,371,0,15,222,379
08031004101,Census Tract 41.01,Denver County,4802,1421,1730,35,74,4,39,225,1274
08031004102,Census Tract 41.02,Denver County,4081,1188,1464,32,32,3,37,195,1130
08031004103,Census Tract 41.03,Denver County,5494,3502,977,15,104,4,17,313,562
08031004104,Census Tract 41.04,Denver County,4519,2205,1162,13,73,0,40,292,734
08031004108,Census Tract 41.08,Denver County,7604,5651,316,9,360,2,41,507,718
08031004109,Census Tract 41.09,Denver County,3284,2154,135,6,279,3,21,260,426
08031004110,Census Tract 41.10,Denver County,5541,3515,592,86,181,0,13,285,869
08031004111,Census Tract 41.11,Denver County,6848,4396,443,24,548,8,32,450,947
08031004112,Census Tract 41.12,Denver County,6127,4236,465,9,289,2,41,329,756
08031004113,Census Tract 41.13,Denver County,1756,1289,68,8,91,0,6,87,207
08031004201,Census Tract 42.01,Denver County,4906,3982,156,11,135,2,17,246,357
08031004202,Census Tract 42.02,Denver County,4467,3211,399,32,101,3,22,223,476
08031004302,Census Tract 43.02,Denver County,2699,2137,75,2,63,0,22,125,275
08031004303,Census Tract 43.03,Denver County,4341,3741,33,3,105,1,24,240,194
08031004306,Census Tract 43.06,Denver County,6092,4408,461,14,150,6,55,297,701
08031004307,Census Tract 43.07,Denver County,1988,1376,130,5,46,0,12,127,292
08031004308,Census Tract 43.08,Denver County,4132,2941,232,18,153,0,24,213,551
08031004309,Census Tract 43.09,Denver County,3633,2798,183,16,82,1,12,193,348
08031004310,Census Tract 43.10,Denver County,2347,1821,94,9,73,0,10,116,224
08031004403,Census Tract 44.03,Denver County,4274,1968,594,31,73,3,31,218,1356
08031004404,Census Tract 44.04,Denver County,5887,1792,1582,42,803,5,13,256,1394
08031004406,Census Tract 44.06,Denver County,3965,2729,383,19,158,0,27,197,452
08031004407,Census Tract 44.07,Denver County,4941,3053,628,16,198,5,36,271,734
08031004503,Census Tract 45.03,Denver County,4303,519,131,32,102,8,5,87,3419
08001009309,Census Tract 93.09,Adams County,3782,1504,75,23,350,11,20,127,1672
08001009306,Census Tract 93.06,Adams County,3863,1311,39,14,120,4,25,87,2263
08001009307,Census Tract 93.07,Adams County,3828,1208,47,20,78,16,13,111,2335
08001009308,Census Tract 93.08,Adams County,4372,1243,45,20,49,6,31,85,2893
08001009310,Census Tract 93.10,Adams County,6201,1793,104,35,232,2,29,149,3857
08001009316,Census Tract 93.16,Adams County,8150,2157,43,35,73,1,10,125,5706
08001009318,Census Tract 93.18,Adams County,6414,1673,195,53,245,6,36,126,4080
08001009319,Census Tract 93.19,Adams County,3026,787,20,20,42,3,14,64,2076
08001009320,Census Tract 93.20,Adams County,3202,1016,90,35,137,6,19,98,1801
08001009321,Census Tract 93.21,Adams County,4383,1507,36,30,207,3,11,122,2467
08001009322,Census Tract 93.22,Adams County,5241,1675,95,24,306,4,12,168,2957
08001009323,Census Tract 93.23,Adams County,3704,1738,110,23,241,0,26,143,1423
08001009325,Census Tract 93.25,Adams County,5721,3971,147,33,312,3,23,246,986
08001009326,Census Tract 93.26,Adams County,2619,1866,24,6,203,0,9,118,393
08001009327,Census Tract 93.27,Adams County,4248,2434,66,29,191,0,17,162,1349
08001009401,Census Tract 94.01,Adams County,5060,2448,33,26,224,2,17,205,2105
08001009406,Census Tract 94.06,Adams County,4493,2510,66,21,215,3,19,198,1461
08001009407,Census Tract 94.07,Adams County,5352,2541,96,32,286,3,20,191,2183
08001009408,Census Tract 94.08,Adams County,4802,3509,63,15,409,5,11,276,514
08001009409,Census Tract 94.09,Adams County,5807,4362,51,22,380,9,26,236,721
08001009410,Census Tract 94.10,Adams County,3381,2596,37,18,146,4,9,126,445
08001009411,Census Tract 94.11,Adams County,3014,2064,62,7,69,3,13,148,648
08001009501,Census Tract 95.01,Adams County,3215,1072,37,15,160,0,19,71,1841
08001009502,Census Tract 95.02,Adams County,5764,2214,47,33,251,3,13,167,3036
08031000102,Census Tract 1.02,Denver County,3622,2668,22,23,52,0,13,175,669
08031000201,Census Tract 2.01,Denver County,3913,1669,53,20,22,2,9,83,2055
08031000303,Census Tract 3.03,Denver County,5479,4360,48,16,131,4,28,216,676
08031000202,Census Tract 2.02,Denver County,4042,1809,243,28,57,3,20,141,1741
08031000301,Census Tract 3.01,Denver County,5779,4451,46,13,108,0,17,238,906
08031000302,Census Tract 3.02,Denver County,4412,3372,68,15,87,2,11,192,665
08031000401,Census Tract 4.01,Denver County,3174,2011,54,19,52,3,10,115,910
08031000403,Census Tract 4.03,Denver County,3682,2644,50,14,65,1,12,124,772
08031000404,Census Tract 4.04,Denver County,2956,2269,87,9,72,1,15,142,361
08031000501,Census Tract 5.01,Denver County,2014,1552,20,16,37,1,14,80,294
08031000503,Census Tract 5.03,Denver County,2269,1285,83,28,124,0,17,76,656
08031000504,Census Tract 5.04,Denver County,3648,2582,80,23,96,0,14,202,651
08031000600,Census Tract 6,Denver County,4742,3385,93,13,151,6,10,205,879
08031000703,Census Tract 7.03,Denver County,2603,1591,108,11,47,0,20,102,724
08031000704,Census Tract 7.04,Denver County,2715,1410,113,38,56,3,13,75,1007
08031000705,Census Tract 7.05,Denver County,3134,1407,304,32,74,4,12,130,1171
08031000706,Census Tract 7.06,Denver County,2872,1291,195,46,117,5,9,137,1072
08031000800,Census Tract 8,Denver County,1127,149,351,21,37,7,2,59,501
08031000902,Census Tract 9.02,Denver County,5345,1351,77,37,86,4,32,100,3658
08031000903,Census Tract 9.03,Denver County,5780,1406,71,63,69,0,42,131,3998
08031000904,Census Tract 9.04,Denver County,4711,1134,194,58,46,0,19,99,3161
08031000905,Census Tract 9.05,Denver County,3269,1034,48,24,18,0,11,65,2069
08031001000,Census Tract 10,Denver County,3683,717,146,39,85,3,18,102,2573
08031001101,Census Tract 11.01,Denver County,2743,1272,160,24,47,2,19,100,1119
08031001102,Census Tract 11.02,Denver County,5274,3940,96,13,168,3,27,236,791
08031001301,Census Tract 13.01,Denver County,4834,1249,71,36,271,5,26,128,3048
08031001302,Census Tract 13.02,Denver County,3759,1065,49,61,72,4,14,95,2399
08031001401,Census Tract 14.01,Denver County,5935,1309,190,39,388,0,32,120,3857
08031001402,Census Tract 14.02,Denver County,4048,988,161,46,221,1,42,97,2492
08031001403,Census Tract 14.03,Denver County,3374,2213,116,27,80,3,18,164,753
08031001500,Census Tract 15,Denver County,4580,1616,393,49,52,0,38,96,2336
08031001601,Census Tract 16.01,Denver County,2995,1984,222,4,86,0,5,127,567
08031001602,Census Tract 16.02,Denver County,5167,3920,156,15,185,2,22,248,619
08031001603,Census Tract 16.03,Denver County,6613,4313,571,67,139,18,37,312,1156
08031001703,Census Tract 17.03,Denver County,3487,2901,46,11,109,3,13,141,263
08031001704,Census Tract 17.04,Denver County,2383,1668,98,14,233,1,15,119,235
08031001705,Census Tract 17.05,Denver County,4401,3434,85,7,207,3,97,188,380
08031001706,Census Tract 17.06,Denver County,2449,1669,163,27,114,6,16,122,332
08031001707,Census Tract 17.07,Denver County,2478,1763,99,13,143,0,17,105,338
08031001800,Census Tract 18,Denver County,3306,1876,185,34,112,1,19,150,929
08031001901,Census Tract 19.01,Denver County,3903,1445,592,52,119,9,19,193,1474
08031002000,Census Tract 20,Denver County,4053,2700,396,33,144,3,18,134,625
08031002101,Census Tract 21.01,Denver County,3078,2058,83,21,68,5,25,150,668
08031002102,Census Tract 21.02,Denver County,3114,2241,161,18,100,2,18,152,422
08031002300,Census Tract 23,Denver County,4975,2778,920,16,77,0,15,262,907
08031002402,Census Tract 24.02,Denver County,1971,1162,264,3,47,3,8,103,381
08031002404,Census Tract 24.04,Denver County,1415,790,187,8,48,0,8,70,304
08031002405,Census Tract 24.05,Denver County,4526,2441,800,44,136,3,30,249,823
08031002704,Census Tract 27.04,Denver County,2423,1670,123,32,60,0,9,120,409
08031002602,Census Tract 26.02,Denver County,2835,2077,188,23,80,3,12,109,343
08031002603,Census Tract 26.03,Denver County,3250,2353,160,20,117,0,18,170,412
08031002604,Census Tract 26.04,Denver County,2097,1304,229,26,98,7,20,102,311
08031002705,Census Tract 27.05,Denver County,2675,1992,118,7,63,1,15,122,357
08031002706,Census Tract 27.06,Denver County,3286,2516,107,14,125,0,18,150,356
08031002707,Census Tract 27.07,Denver County,2996,2385,76,12,69,0,11,135,308
08031002708,Census Tract 27.08,Denver County,3011,2196,137,27,72,5,20,146,408
08031002709,Census Tract 27.09,Denver County,2284,1741,94,7,47,0,19,124,252
08031002801,Census Tract 28.01,Denver County,3217,2574,65,7,87,6,13,138,327
08031002802,Census Tract 28.02,Denver County,4708,3627,120,16,130,0,36,201,578
08031002804,Census Tract 28.04,Denver County,2209,1833,34,9,56,2,6,76,193
08031002805,Census Tract 28.05,Denver County,3784,3092,84,12,107,7,10,182,290
08031002901,Census Tract 29.01,Denver County,3839,3155,58,12,94,6,23,173,318
08031002902,Census Tract 29.02,Denver County,4211,3632,21,8,79,0,25,167,279
08031003002,Census Tract 30.02,Denver County,2749,2224,29,11,54,0,8,138,285
08031003003,Census Tract 30.03,Denver County,3188,2425,94,12,170,1,16,166,304
08031003004,Census Tract 30.04,Denver County,6308,4896,170,10,322,0,29,345,536
08031003005,Census Tract 30.05,Denver County,3144,2604,47,15,58,0,13,164,243
08031003006,Census Tract 30.06,Denver County,3644,3068,20,2,86,0,13,207,248
08031003101,Census Tract 31.01,Denver County,1701,1137,208,4,46,3,3,93,207
08031003102,Census Tract 31.02,Denver County,4082,2719,438,33,99,0,34,195,564
08031003202,Census Tract 32.02,Denver County,3429,2768,123,8,85,0,18,153,274
08031003203,Census Tract 32.03,Denver County,3100,2753,17,3,51,1,12,95,168
08005083500,Census Tract 835,Arapahoe County,5541,2244,987,16,447,12,47,338,1450
08005083600,Census Tract 836,Arapahoe County,3692,2065,373,13,232,4,27,232,746
08005083700,Census Tract 837,Arapahoe County,4399,2993,314,19,405,2,30,229,407
08005083800,Census Tract 838,Arapahoe County,3102,1602,550,4,237,2,26,180,501
08005083900,Census Tract 839,Arapahoe County,3220,1936,365,10,194,7,23,203,482
08005084000,Census Tract 840,Arapahoe County,2454,1386,185,24,118,0,12,149,580
08005084100,Census Tract 841,Arapahoe County,4713,2441,693,9,215,18,66,325,946
08005084200,Census Tract 842,Arapahoe County,3835,1959,399,26,127,1,24,230,1069
08005084300,Census Tract 843,Arapahoe County,3636,1874,447,4,199,5,22,260,825
08005084400,Census Tract 844,Arapahoe County,3213,1537,334,18,134,3,22,253,912
08005084500,Census Tract 845,Arapahoe County,2914,1438,384,29,118,9,24,161,751
08005084600,Census Tract 846,Arapahoe County,5508,3120,524,29,318,15,50,323,1129
08005084700,Census Tract 847,Arapahoe County,4940,2825,471,22,252,3,36,313,1018
08005084800,Census Tract 848,Arapahoe County,3519,2215,273,9,220,11,18,223,550
08005084900,Census Tract 849,Arapahoe County,3243,2217,245,2,301,8,20,198,252
08005085000,Census Tract 850,Arapahoe County,2704,1440,223,4,453,5,14,135,430
08005085100,Census Tract 851,Arapahoe County,6770,3981,367,17,1377,5,32,392,599
08005085200,Census Tract 852,Arapahoe County,3131,2237,82,22,338,2,24,193,233
08005085300,Census Tract 853,Arapahoe County,2576,1521,224,9,347,5,6,153,311
08005085400,Census Tract 854,Arapahoe County,4444,2886,333,14,313,9,25,307,557
08005085500,Census Tract 855,Arapahoe County,5286,3637,338,20,353,5,35,310,588
08005085600,Census Tract 856,Arapahoe County,3257,2192,162,3,406,0,8,132,354
08005086001,Census Tract 860.01,Arapahoe County,4012,2375,341,14,348,11,29,242,652
08005085700,Census Tract 857,Arapahoe County,4878,2614,446,18,231,17,21,292,1239
08005085800,Census Tract 858,Arapahoe County,1712,1013,169,3,95,5,5,97,325
08005085900,Census Tract 859,Arapahoe County,9218,4622,1197,20,1257,12,54,552,1504
08005086002,Census Tract 860.02,Arapahoe County,3850,2119,457,6,315,10,8,264,671
08005086100,Census Tract 861,Arapahoe County,4986,3055,422,10,368,5,21,265,840
08005086200,Census Tract 862,Arapahoe County,6484,3977,485,22,663,9,26,407,895
08005086300,Census Tract 863,Arapahoe County,4468,2556,347,15,566,13,27,288,656
08005086400,Census Tract 864,Arapahoe County,2018,1644,48,5,98,0,16,87,120
08005086500,Census Tract 865,Arapahoe County,5351,3316,476,10,585,6,34,304,620
08005086600,Census Tract 866,Arapahoe County,6842,5092,327,26,406,8,26,340,617
08005086700,Census Tract 867,Arapahoe County,6707,4638,348,12,544,2,24,424,715
08005086801,Census Tract 868.01,Arapahoe County,4342,1909,1240,30,220,6,24,204,709
08005086802,Census Tract 868.02,Arapahoe County,2909,1226,863,9,267,3,26,123,392
08005086900,Census Tract 869,Arapahoe County,3251,1157,1018,20,232,4,19,188,613
08005087000,Census Tract 870,Arapahoe County,5117,1876,1307,24,314,0,39,269,1288
08005087100,Census Tract 871,Arapahoe County,2589,1215,575,8,118,2,15,124,532
08005087200,Census Tract 872,Arapahoe County,4739,2618,713,15,387,0,21,277,708
08005087301,Census Tract 873.01,Arapahoe County,4977,1955,1060,52,174,14,29,272,1421
08005087302,Census Tract 873.02,Arapahoe County,2654,1409,356,6,109,0,13,143,618
08005980000,Census Tract 9800,Arapahoe County,130,86,6,0,7,1,3,12,15
08059009806,Census Tract 98.06,Jefferson County,4266,3644,31,13,108,0,20,191,259
08059009807,Census Tract 98.07,Jefferson County,1727,1391,11,10,29,0,26,70,190
08059009815,Census Tract 98.15,Jefferson County,5182,4253,23,10,136,4,13,241,502
08059009823,Census Tract 98.23,Jefferson County,4495,3464,46,13,92,2,37,219,622
08059009824,Census Tract 98.24,Jefferson County,5044,3794,33,18,204,3,32,284,676
08059009827,Census Tract 98.27,Jefferson County,6305,4515,101,17,428,4,16,333,891
08059009828,Census Tract 98.28,Jefferson County,5315,4178,38,23,194,5,14,224,639
08059009829,Census Tract 98.29,Jefferson County,1780,1382,16,2,57,0,12,99,212
08059009830,Census Tract 98.30,Jefferson County,2155,1577,41,11,51,0,19,95,361
08059009831,Census Tract 98.31,Jefferson County,2768,1709,81,30,123,5,21,155,644
08059009832,Census Tract 98.32,Jefferson County,2567,1730,35,9,83,3,14,124,569
08059009833,Census Tract 98.33,Jefferson County,5601,3943,118,30,97,0,15,243,1155
08059009834,Census Tract 98.34,Jefferson County,4499,3315,50,17,124,1,24,195,773
08059009835,Census Tract 98.35,Jefferson County,3584,3024,19,1,53,3,16,143,325
08059009840,Census Tract 98.40,Jefferson County,3705,3071,27,9,69,2,14,142,371
08059009837,Census Tract 98.37,Jefferson County,7944,6557,37,8,276,0,15,302,749
08059009838,Census Tract 98.38,Jefferson County,5428,4563,22,10,201,0,16,240,376
08059009839,Census Tract 98.39,Jefferson County,2353,1974,7,3,44,0,13,77,235
08059009841,Census Tract 98.41,Jefferson County,2337,1890,9,3,46,0,5,95,289
08059009842,Census Tract 98.42,Jefferson County,3434,2875,18,4,129,0,6,141,261
08059009845,Census Tract 98.45,Jefferson County,4014,3584,10,11,98,0,9,136,166
08059009846,Census Tract 98.46,Jefferson County,5060,4510,13,20,72,3,36,179,227
08059009847,Census Tract 98.47,Jefferson County,3323,2977,9,11,24,0,14,129,159
08059009848,Census Tract 98.48,Jefferson County,2614,2383,2,5,27,0,19,91,87
08059009850,Census Tract 98.50,Jefferson County,2633,2328,11,8,39,0,18,115,114
08059009851,Census Tract 98.51,Jefferson County,3958,3329,19,22,97,2,19,137,333
08059009852,Census Tract 98.52,Jefferson County,4524,3908,11,10,77,3,34,169,312
08059009853,Census Tract 98.53,Jefferson County,2758,2340,7,6,88,0,10,155,152
08059009854,Census Tract 98.54,Jefferson County,5599,4881,13,4,102,0,24,260,315
08059009855,Census Tract 98.55,Jefferson County,3430,2807,27,10,205,5,21,147,208
08059009856,Census Tract 98.56,Jefferson County,2983,2160,22,29,65,0,14,139,554
08059009857,Census Tract 98.57,Jefferson County,2946,2445,19,0,109,1,15,161,196
08059009858,Census Tract 98.58,Jefferson County,3358,2921,10,7,37,2,25,176,180
08059009901,Census Tract 99.01,Jefferson County,3121,2588,36,20,145,1,13,113,205
08059010001,Census Tract 100.01,Jefferson County,4096,3016,144,23,192,0,5,127,589
08059010100,Census Tract 101,Jefferson County,4736,3588,67,30,148,2,23,222,656
08059010205,Census Tract 102.05,Jefferson County,2572,2212,6,2,52,2,8,98,192
08059010206,Census Tract 102.06,Jefferson County,4053,3178,24,15,64,4,22,142,604
08059010208,Census Tract 102.08,Jefferson County,5804,3968,66,27,191,3,9,291,1249
08059010209,Census Tract 102.09,Jefferson County,6637,4361,110,46,244,4,37,315,1520
08059010210,Census Tract 102.10,Jefferson County,3739,2870,28,19,67,0,17,173,565
08059010211,Census Tract 102.11,Jefferson County,3214,2279,76,8,57,1,18,153,622
08059010212,Census Tract 102.12,Jefferson County,4512,3095,82,25,56,7,20,241,986
08059010213,Census Tract 102.13,Jefferson County,4751,3151,48,35,93,1,31,161,1231
08059010303,Census Tract 103.03,Jefferson County,5634,4605,61,29,74,5,19,265,576
08059010304,Census Tract 103.04,Jefferson County,2764,2189,24,19,40,2,5,136,349
08059010305,Census Tract 103.05,Jefferson County,3565,2608,40,34,50,2,19,176,636
08059010306,Census Tract 103.06,Jefferson County,2714,2091,29,13,43,0,22,154,362
08059010307,Census Tract 103.07,Jefferson County,4656,3392,66,24,53,5,12,222,882
08059010308,Census Tract 103.08,Jefferson County,6507,5201,49,28,132,6,20,278,793
08059010402,Census Tract 104.02,Jefferson County,6187,4012,84,62,126,8,89,269,1537
08059010403,Census Tract 104.03,Jefferson County,5434,3464,95,61,122,4,28,266,1394
08059010405,Census Tract 104.05,Jefferson County,2715,1867,61,17,50,0,15,134,571
08059010406,Census Tract 104.06,Jefferson County,3080,1505,31,17,43,9,8,105,1362
08059009836,Census Tract 98.36,Jefferson County,4106,3433,12,11,86,0,14,144,406
08059010502,Census Tract 105.02,Jefferson County,5436,3891,59,24,89,4,29,251,1089
08059010503,Census Tract 105.03,Jefferson County,4806,3659,44,24,121,10,14,209,725
08059010504,Census Tract 105.04,Jefferson County,3003,2556,9,4,60,0,12,114,248
08059010603,Census Tract 106.03,Jefferson County,3607,2477,65,32,78,4,18,139,794
